Feature,Importance
FEATURE,16.99284114105816
ROLLING_MEAN_13,15.194890524804672
DISCOUNT_PCT,11.067322527381766
LAG_1,9.230715055902536
PRICE,5.360678340074751
MANUFACTURER,5.076698761820704
DISPLAY,2.9220547281231455
WEEK_OF_YEAR,2.262353049075744
SUB_CATEGORY,2.168526199008855
WEEK_SIN,2.0213755027610074
UPC,1.9809411953200364
ROLLING_MEAN_8,1.9488369448713823
PROMOTION_COUNT,1.8671024755325278
PRODUCT_SIZE,1.8409465920458412
LAG_8,1.8323668783957625
ROLLING_MEAN_4,1.7714541482431647
LAG_4,1.7196766105603232
LAG_13,1.6968746120270726
WEEK_COS,1.6314912209138108
ROLLING_STD_4,1.6032614424223202
STORE_NUM,1.5537869425965904
CATEGORY,1.5261054946892263
AVG_WEEKLY_BASKETS,1.288179336319383
BASE_PRICE,0.9905306212965131
SEG_VALUE_NAME,0.9641844130994408
TPR_ONLY,0.8845206114105301
YEAR,0.8224657129813341
LAG_2,0.7563989035549735
SALES_AREA_SIZE_NUM,0.5589292506585005
MONTH,0.3187310077398417
QUARTER,0.14268682441453895
ANY_PROMOTION,0.0030729308954745736
